{
    "connectors": [
        {
            "componentTypes": [
                "bookshelf_contents"
            ], 
            "out": [
                {
                    "position": [
                        0.0, 
                        27.373457276681556, 
                        0.0
                    ], 
                    "rotation": [
                        0.0, 
                        0.0, 
                        0.0
                    ], 
                    "scale": [
                        1.0, 
                        1.0, 
                        1.0
                    ]
                }, 
                {
                    "position": [
                        0.0, 
                        21.002371825056308, 
                        0.0
                    ], 
                    "rotation": [
                        0.0, 
                        0.0, 
                        0.0
                    ], 
                    "scale": [
                        1.0, 
                        1.0, 
                        1.0
                    ]
                }, 
                {
                    "position": [
                        0.0, 
                        14.060713707712397, 
                        0.0
                    ], 
                    "rotation": [
                        0.0, 
                        0.0, 
                        0.0
                    ], 
                    "scale": [
                        1.0, 
                        1.0, 
                        1.0
                    ]
                }, 
                {
                    "position": [
                        0.0, 
                        7.689628256087145, 
                        0.0
                    ], 
                    "rotation": [
                        0.0, 
                        0.0, 
                        0.0
                    ], 
                    "scale": [
                        1.0, 
                        1.0, 
                        1.0
                    ]
                }
            ]
        }
    ], 
    "id": 59, 
    "src": "bookshelf_4_case_4.obj", 
    "type": "bookshelf_4_case"
}