{
            "connectors": [
                {
                    "componentTypes": ["back"], 
                    "out":[
                            {
                            
                                "position":
                                    [
                                        0.0, 
                                        0.29, 
                                        -3.416
                                    ],
                                "rotation":[
                                    0,
                                    0,
                                    0
                                    ],
                                "scale":[
                                        1.0,
                                        1.0,
                                        1.0]

                            }
                        ]
                }, 
                {
                    "componentTypes": ["leg"], 
                    "out":[
                            {
                            
                                "position":
                                    [
                                        -2.761, 
                                        -0.29, 
                                        3.3334810666582944
                                    ],
                                "rotation":[
                                    0,
                                    0,
                                    0
                                    ],
                                "scale":[
                                        1.0,
                                        1.0,
                                        1.0]

                            },
                            {
                            
                                "position":
                                    [
                                        2.7608645383310577, 
                                        -0.29, 
                                        3.3334810666582944
                                    ],
                                "rotation":[
                                    0,
                                    0,
                                    0
                                    ],
                                "scale":[
                                        1.0,
                                        1.0,
                                        1.0]

                            },
                            {
                            
                                "position":
                                    [
                                        -2.761, 
                                        -0.29, 
                                        -3.416
                                    ],
                                "rotation":[
                                    0,
                                    0,
                                    0
                                    ],
                                "scale":[
                                        1.0,
                                        1.0,
                                        1.0]

                            },
                            {
                            
                                "position":
                                    [
                                        2.7608645383310577, 
                                        -0.29, 
                                        -3.416
                                    ],
                                "rotation":[
                                    0,
                                    0,
                                    0
                                    ],
                                "scale":[
                                        1.0,
                                        1.0,
                                        1.0]

                            }
                        ]
                   
                }
            ], 
            "id": 1, 
            "src": "chair_Seat_1.obj", 
            "type": "seat"
}