{
    "connectors": [
        {
            "componentTypes": [], 
            "out": [
                {
                    "position": [], 
                    "rotation": [], 
                    "scale": []
                }
            ]
        }, 
        {
            "componentTypes": [
                "arm"
            ], 
            "out": [
                {"position": 
                    [
                        -3.2169768810272217, 
                        2.4840524275820517, 
                        -0.07292949091846257
                    ],
                    "rotation": 
                        [
                            0.0, 
                            0.0, 
                            0.0
                        ]
                    , 
                    "scale": 
                        [
                            1.0, 
                            1.0, 
                            1.0
                        ]
                    
                }, {
                    "position":
                    [
                        3.217, 
                        2.4840524275820517, 
                        -0.07292949091846257
                    ],
                    "rotation":
                    [
                        0.0, 
                        0.0, 
                        0.0
                    ],
                    "scale":
                    [
                        1.0, 
                        1.0, 
                        1.0
                    ]
                }
            ]
        }
    ], 
    "id": 34, 
    "src": "chair_Back_5.obj", 
    "type": "back"
}