{
            "connectors": [
                {
                    "componentTypes": ["leg"], 
					"out":[
							{
								"position":[
									2.5661128722298288, 
									-0.2919154296586808, 
									-2.722423264495295
								],
								"rotation":[0,0,0],
								"scale":[1.0,1.0,1.0]
							},
							{
								"position":[
									2.5661128722298288, 
									-0.2919154296586808, 
									3.2214892371922046
								],
								"rotation":[0,0,0],
								"scale":[1.0,1.0,1.0]
							},
							{
								"position":[
									-2.600456333799952, 
									-0.2919154296586808, 
									3.2214892371922046
								], 
								"rotation":[0,0,0],
								"scale":[1.0,1.0,1.0]
							},
							{
								"position":[
									-2.600456333799952, 
									-0.2919154296586808, 
									-2.722423264495295
								],
								"rotation":[0,0,0],
								"scale":[1.0,1.0,1.0]
							}
						]
				}
                {
                    "componentTypes": ["back"], 
					"out":[
						{
							"position":[
								0.0, 
								1.227368010350328, 
								-4.202203721618325
							],
							"rotation":[0,0,0],
							"scale":[1.0,1.0,1.0]
						}
					]
                }
            ], 
            "id": 10, 
            "src": "chair_Seat_3.obj", 
            "type": "seat"
        }