{
            "connectors": [
                {
                    "componentTypes": ["arm"], 
                    "out":[
                            {
                            
                                "position":
                                    [
                                        3.078, 
                                        1.3098304554890343, 
                                        0.4886904192204552
                                    ],
                                "rotation":[
                                    0,
                                    0,
                                    0
                                    ],
                                "scale":[
                                        1.0,
                                        1.0,
                                        1.0]

                            },
                            {
                            
                                "position":
                                    [
                                        -3.077579044786222, 
                                        1.3098304554890343, 
                                        0.4886904192204552
                                    ],
                                "rotation":[
                                    0,
                                    0,
                                    0
                                    ],
                                "scale":[
                                        1.0,
                                        1.0,
                                        1.0]

                            }
                        ]
                }
            ], 
            "id": 12, 
            "src": "chair_Back_4.obj", 
            "type": "back"
        }