{
            "connectors": [
                {
                    "componentTypes": ["arm"], 
					"out":[
					{
					
						"position":
							[
								-3.24, 
								3.184130218380706, 
								-0.11081788036269824
							],
						"rotation":[
							0,
							0,
							0
							],
						"scale":[
								1.0,
								1.0,
								1.0]

						},
						{
						"position": [
							
								3.24, 
								3.184130218380706, 
								-0.11081788036269824
							],
						"rotation":[
							0,
							0,
							0
							],
						"scale":[
							1.0,
							1.0,
							1.0]

						}
					]
                    
                }
            ], 
            "id": 2, 
            "src": "chair_Back_1.obj", 
            "type": "back"
} 