{
            "connectors": [
                {
                    "componentTypes": ["arm"], 
                    "out":[
                            {
                            
                                "position":
                                    [
                                        3.421, 
                                        3.1854941957445706, 
                                        0.0
                                    ],
                                "rotation":[
                                    0,
                                    0,
                                    0
                                    ],
                                "scale":[
                                        1.0,
                                        1.0,
                                        1.0]

                            },
                            {
                            
                                "position":
                                    [
                                        -3.420635889311009, 
                                        3.1854941957445706, 
                                        0.0
                                    ],
                                "rotation":[
                                    0,
                                    0,
                                    0
                                    ],
                                "scale":[
                                        1.0,
                                        1.0,
                                        1.0]

                            }

                    ]
                }
            ], 
            "id": 16, 
            "src": "chair_Back_3.obj", 
            "type": "back"
        }