{
            "connectors": [
                {
                    "componentTypes": ["arm"], 
                    "out":[
                            {
                            
                                "position":
                                    [
                                        -3.151, 
                                        2.2030506897238338, 
                                        0.20638129780875714
                                    ],
                                "rotation":[
                                    0,
                                    0,
                                    0
                                    ],
                                "scale":[
                                        1.0,
                                        1.0,
                                        1.0]

                            },
                            {
                            
                                "position":
                                    [
                                        3.151, 
                                        2.2030506897238338, 
                                        0.20638129780875714
                                    ],
                                "rotation":[
                                    0,
                                    0,
                                    0
                                    ],
                                "scale":[
                                        1.0,
                                        1.0,
                                        1.0]

                                }
                    ]
                }
            ], 
            "id": 3, 
            "src": "chair_Back_2.obj", 
            "type": "back"
}