{
    "connectors": [
        {
            "componentTypes": [
                "couch_side_base"
            ], 
            "out": [
                {
                    "position": [
                        0.0, 
                        0.0, 
                        0.0
                    ], 
                    "rotation": [
                        0.0, 
                        0.0, 
                        0.0
                    ], 
                    "scale": [
                        1.0, 
                        1.0, 
                        1.0
                    ]
                }
            ]
        }, 
        {
            "componentTypes": [
                "couch_side_back"
            ], 
            "out": [
                {
                    "position": [
                        -1.7763568394002505e-15, 
                        -0.6485271060711468, 
                        -3.7505390644073486
                    ], 
                    "rotation": [
                        0.0, 
                        0.0, 
                        0.0
                    ], 
                    "scale": [
                        1.0, 
                        1.0, 
                        1.0
                    ]
                }
            ]
        }, 
        {
            "componentTypes": [
                "couch_armrest"
            ], 
            "out": [
                {
                    "position": [
                        -10.821743965148926, 
                        -0.6485271060711468, 
                        -3.7505390644073486
                    ], 
                    "rotation": [
                        0.0, 
                        0.0, 
                        0.0
                    ], 
                    "scale": [
                        1.0, 
                        1.0, 
                        1.0
                    ]
                }
            ]
        }, 
        {
            "componentTypes": [
                "couch_leg"
            ], 
            "out": [
                {
                    "position": [
                        -9.697015699772697, 
                        -0.6485271060711468, 
                        -2.5524132252659073
                    ], 
                    "rotation": [
                        0.0, 
                        0.0, 
                        0.0
                    ], 
                    "scale": [
                        1.0, 
                        1.0, 
                        1.0
                    ]
                }, 
                {
                    "position": [
                        -9.697015699772697, 
                        -0.6485271060711468, 
                        2.5313580338746404
                    ], 
                    "rotation": [
                        0.0, 
                        0.0, 
                        0.0
                    ], 
                    "scale": [
                        1.0, 
                        1.0, 
                        1.0
                    ]
                }
            ]
        }
    ], 
    "id": 40, 
    "src": "couch_Side_Base_2.obj", 
    "type": "couch_side_base"
}