{
    "connectors": [
        {
            "componentTypes": [
                "kitchen_shelf_content"
            ], 
            "out": [
                {
                    "position": [
                        0.0, 
                        4.836650085449218, 
                        2.5555809933602256
                    ], 
                    "rotation": [
                        0.0, 
                        0.0, 
                        0.0
                    ], 
                    "scale": [
                        1.0, 
                        1.0, 
                        1.0
                    ]
                }
            ]
        }, 
        {
            "componentTypes": [
                "kitchen_shelf_content"
            ], 
            "out": [
                {
                    "position": [
                        0.0, 
                        7.939399337768554, 
                        2.5555809933602256
                    ], 
                    "rotation": [
                        0.0, 
                        0.0, 
                        0.0
                    ], 
                    "scale": [
                        1.0, 
                        1.0, 
                        1.0
                    ]
                }
            ]
        }, 
        {
            "componentTypes": [
                "kitchen_shelf_content"
            ], 
            "out": [
                {
                    "position": [
                        0.0, 
                        11.338661193847656, 
                        2.5555809933602256
                    ], 
                    "rotation": [
                        0.0, 
                        0.0, 
                        0.0
                    ], 
                    "scale": [
                        1.0, 
                        1.0, 
                        1.0
                    ]
                }
            ]
        }
    ], 
    "id": 141, 
    "src": "kitchen_shelf_main_1.obj", 
    "type": "kitchen_shelf_main"
}