{
    "connectors": [
        {
            "componentTypes": [
                "radio_knob"
            ], 
            "out": [
                {
                    "position": [
                        1.6542574505724086, 
                        2.881844378950342, 
                        1.131076578762114
                    ], 
                    "rotation": [
                        0.0, 
                        0.0, 
                        0.0
                    ], 
                    "scale": [
                        1.0, 
                        1.0, 
                        1.0
                    ]
                }, 
                {
                    "position": [
                        1.6542574505724086, 
                        2.246016596290662, 
                        1.131076578762114
                    ], 
                    "rotation": [
                        0.0, 
                        0.0, 
                        0.0
                    ], 
                    "scale": [
                        1.0, 
                        1.0, 
                        1.0
                    ]
                }
            ]
        }, 
        {
            "componentTypes": [
                "radio_screen"
            ], 
            "out": [
                {
                    "position": [
                        -2.2170510056936195, 
                        1.9695848632310042, 
                        1.131076578762114
                    ], 
                    "rotation": [
                        0.0, 
                        0.0, 
                        0.0
                    ], 
                    "scale": [
                        1.0, 
                        1.0, 
                        1.0
                    ]
                }
            ]
        }, 
        {
            "componentTypes": [
                "radio_antenna"
            ], 
            "out": [
                {
                    "position": [
                        1.5542471591574745, 
                        3.3244365402768508, 
                        0.0
                    ], 
                    "rotation": [
                        0.0, 
                        0.0, 
                        0.0
                    ], 
                    "scale": [
                        1.0, 
                        1.0, 
                        1.0
                    ]
                }
            ]
        }
    ], 
    "id": 116, 
    "src": "radio_main_1.obj", 
    "type": "radio_main"
}