{
    "connectors": [
        {
            "componentTypes": [
                "radio_knob"
            ], 
            "out": [
                {
                    "position": [
                        1.216, 
                        2.4908563709527893, 
                        0.7423694133758545
                    ], 
                    "rotation": [
                        0.0, 
                        0.0, 
                        0.0
                    ], 
                    "scale": [
                        1.0, 
                        1.0, 
                        1.0
                    ]
                }, 
                {
                    "position": [
                        -1.2164894261043053, 
                        2.4908563709527893, 
                        0.7423694133758545
                    ], 
                    "rotation": [
                        0.0, 
                        0.0, 
                        0.0
                    ], 
                    "scale": [
                        1.0, 
                        1.0, 
                        1.0
                    ]
                }
            ]
        }, 
        {
            "componentTypes": [
                "radio_screen"
            ], 
            "out": [
                {
                    "position": [
                        -1.0183894371145317, 
                        3.4726460947312554, 
                        0.7423694133758545
                    ], 
                    "rotation": [
                        0.0, 
                        0.0, 
                        0.0
                    ], 
                    "scale": [
                        1.0, 
                        1.0, 
                        1.0
                    ]
                }
            ]
        }, 
        {
            "componentTypes": [
                "radio_antenna"
            ], 
            "out": [
                {
                    "position": [
                        -0.12811257455337755, 
                        3.3244365402768508, 
                        0.0
                    ], 
                    "rotation": [
                        0.0, 
                        0.0, 
                        0.0
                    ], 
                    "scale": [
                        0.03139437771483389, 
                        0.03139437771483389, 
                        0.03139437771483389
                    ]
                }
            ]
        }
    ], 
    "id": 120, 
    "src": "radio_main_2.obj", 
    "type": "radio_main"
}