{
    "connectors": [
        {
            "componentTypes": [
                "radio_knob"
            ], 
            "out": [
                {
                    "position": [
                        -1.5011165860950937, 
                        0.7496582224021717, 
                        1.131076578762114
                    ], 
                    "rotation": [
                        0.0, 
                        0.0, 
                        0.0
                    ], 
                    "scale": [
                        1.0, 
                        1.0, 
                        1.0
                    ]
                }, 
                {
                    "position": [
                        1.501, 
                        0.7496582224021717, 
                        1.131076578762114
                    ], 
                    "rotation": [
                        0.0, 
                        0.0, 
                        0.0
                    ], 
                    "scale": [
                        1.0, 
                        1.0, 
                        1.0
                    ]
                }
            ]
        }, 
        {
            "componentTypes": [
                "radio_screen"
            ], 
            "out": [
                {
                    "position": [
                        -1.0022101603338789, 
                        0.5534159996850951, 
                        1.131076578762114
                    ], 
                    "rotation": [
                        0.0, 
                        0.0, 
                        0.0
                    ], 
                    "scale": [
                        1.0, 
                        1.0, 
                        1.0
                    ]
                }
            ]
        }, 
        {
            "componentTypes": [
                "radio_antenna"
            ], 
            "out": [
                {
                    "position": [
                        1.5542471591574745, 
                        3.5655060569566115, 
                        0.0
                    ], 
                    "rotation": [
                        0.0, 
                        0.0, 
                        0.0
                    ], 
                    "scale": [
                        1.0, 
                        1.0, 
                        1.0
                    ]
                }
            ]
        }
    ], 
    "id": 123, 
    "src": "radio_main_3.obj", 
    "type": "radio_main"
}