{
    "connectors": [
        {
            "componentTypes": [
                "leg"
            ], 
            "out": [
                {
                    "position": [
                        -14.891999999999998, 
                        -0.1983142790773161, 
                        -7.002291742788854
                    ], 
                    "rotation": [
                        0.0, 
                        0.0,
                        0.0
                    ], 
                    "scale": [
                        1.0000000000000004, 
                        1.0, 
                        1.0000000000000004
                    ]
                }, 
                {
                    "position": [
                        14.891839705744639, 
                        -0.1983142790773161, 
                        7.002000000000003
                    ], 
                    "rotation": [
                        0.0, 
                        0.0,
                        0.0
                    ], 
                    "scale": [
                        1.0000000000000004, 
                        1.0, 
                        1.0000000000000004
                    ]
                }, 
                {
                    "position": [
                        -14.892000000000001, 
                        -0.1983142790773161, 
                        7.001999999999996
                    ], 
                    "rotation": [
                        0.0, 
                        0.0,
                        0.0
                    ], 
                    "scale": [
                        1.0000000000000004, 
                        1.0, 
                        1.0000000000000004
                    ]
                }, 
                {
                    "position": [
                        14.891839705744642, 
                        -0.1983142790773161, 
                        -7.002291742788847
                    ], 
                    "rotation": [
                        0.0, 
                        0.0,
                        0.0
                    ], 
                    "scale": [
                        1.0000000000000004, 
                        1.0, 
                        1.0000000000000004
                    ]
                }
            ]
        }
    ], 
    "id": 11, 
    "src": "table_tableTop_1.obj", 
    "type": "tabletop"
}