{
            "connectors": [
                {
                    "componentTypes": ["leg"], 
                    "out":[
                        {
                            "position": 
                            [
                                6.216287299674219, 
                            -0.14429525249808162, 
                            7.659543567020765
                            ],
                            "rotation":[0,0,0],
                            "scale":[1.0,1.0,1.0]
                        },
                        {
                            "position": 
                            [
                                6.216287299674219, 
                            -0.14429525249808162, 
                            -7.66
                            ],
                            "rotation":[0,0,0],
                            "scale":[1.0,1.0,1.0]
                        },
                        {
                            "position": 
                            [
                                -6.216, 
                            -0.14429525249808162, 
                            -7.66
                            ],
                            "rotation":[0,0,0],
                            "scale":[1.0,1.0,1.0]
                        },
                        {
                            "position": 
                            [
                                -6.216, 
                            -0.14429525249808162, 
                            7.659543567020765
                            ],
                            "rotation":[0,0,0],
                            "scale":[1.0,1.0,1.0]
                        }
                    ]
                }
            ], 
            "id": 18, 
            "src": "table_tableTop_2.obj", 
            "type": "tabletop"
        }