{
    "connectors": [
        {
            "componentTypes": [
                "leg"
            ], 
            "out": [
                {
                    "position": [
                        -10.930455207824709, 
                        -0.15868200361728668, 
                        6.226933002471921
                    ], 
                    "rotation": [
                        0.0, 
                        0.0, 
                        0.0
                    ], 
                    "scale": [
                        1.0, 
                        1.0, 
                        1.0
                    ]
                }, 
                {
                    "position": [
                        -10.930455207824709, 
                        -0.15868200361728668, 
                        -6.227
                    ], 
                    "rotation": [
                        0.0, 
                        0.0, 
                        0.0
                    ], 
                    "scale": [
                        1.0, 
                        1.0, 
                        1.0
                    ]
                }, 
                {
                    "position": [
                        10.93, 
                        -0.15868200361728668, 
                        -6.227
                    ], 
                    "rotation": [
                        0.0, 
                        0.0, 
                        0.0
                    ], 
                    "scale": [
                        1.0, 
                        1.0, 
                        1.0
                    ]
                }, 
                {
                    "position": [
                        10.93, 
                        -0.15868200361728668, 
                        6.227
                    ], 
                    "rotation": [
                        0.0, 
                        0.0, 
                        0.0
                    ], 
                    "scale": [
                        1.0, 
                        1.0, 
                        1.0
                    ]
                }
            ]
        }
    ], 
    "id": 65, 
    "src": "table_tableTop_4.obj", 
    "type": "tabletop"
}