{
            "connectors": [
                {
                    "componentTypes": ["leg"], 
                    "out":[
                        {
                            "position": 
                            [
                                -9.0, 
                                -0.1983142790773161, 
                                -18.0
                            ],
                            "rotation":[0,0,0],
                            "scale":[1.0,1.0,1.0]
                        },
                        {
                            "position": 
                            [
                                -9.0, 
                                -0.1983142790773161, 
                                18.0
                            ],
                            "rotation":[0,0,0],
                            "scale":[1.0,1.0,1.0]
                        },
                        {
                            "position": 
                            [
                                9.0, 
                                -0.1983142790773161, 
                                -18.0
                            ],
                            "rotation":[0,0,0],
                            "scale":[1.0,1.0,1.0]
                        },
                        {
                            "position": 
                            [
                                9.0, 
                                -0.1983142790773161, 
                                18.0
                            ],
                            "rotation":[0,0,0],
                            "scale":[1.0,1.0,1.0]
                        }
                    ]
                }
            ], 
            "id": 11, 
            "src": "table_tableTop_1.obj", 
            "type": "tabletop"
        }