{
            "connectors": [
                {
                    "componentTypes": ["leg"], 
                    "out":[
                        {
                            "position": 
                            [
                               -6.479602826064344, 
                            -0.18084630960911172, 
                            6.425402190619936
                            ],
                            "rotation":[0,0,0],
                            "scale":[1.0,1.0,1.0]
                        },
                        {
                            "position": 
                            [
                                6.48, 
                            -0.18084630960911172, 
                            6.425402190619936
                            ],
                            "rotation":[0,0,0],
                            "scale":[1.0,1.0,1.0]
                        },
                        {
                            "position": 
                            [
                                6.48, 
                            -0.18084630960911172, 
                            -6.425
                            ],
                            "rotation":[0,0,0],
                            "scale":[1.0,1.0,1.0]
                        },
                        {
                            "position": 
                            [
                                -6.479602826064344, 
                            -0.18084630960911172, 
                            -6.425
                            ],
                            "rotation":[0,0,0],
                            "scale":[1.0,1.0,1.0]
                        }
                    ]
                }
            ], 
            "id": 20, 
            "src": "table_tableTop_3.obj", 
            "type": "tabletop"
        }