{
    "connectors": [
        {
            "componentTypes": [
                "toilet_base"
            ], 
            "out": [
                {
                    "position": [
                        0.0, 
                        0.0, 
                        0.0
                    ], 
                    "rotation": [
                        0.0, 
                        0.0, 
                        0.0
                    ], 
                    "scale": [
                        1.0, 
                        1.0, 
                        1.0
                    ]
                }
            ]
        }, 
        {
            "componentTypes": [
                "toilet_seat"
            ], 
            "out": [
                {
                    "position": [
                        -0.028308627100323006, 
                        1.9780667740004354, 
                        -3.6761359850950868
                    ], 
                    "rotation": [
                        0.0, 
                        0.0, 
                        0.0
                    ], 
                    "scale": [
                        1.0, 
                        1.0, 
                        1.0
                    ]
                }
            ]
        }, 
        {
            "componentTypes": [
                "toilet_lid"
            ], 
            "out": [
                {
                    "position": [
                        -0.028308627100323006, 
                        1.9780667740004354, 
                        -3.6761359850950868
                    ], 
                    "rotation": [
                        0.0, 
                        0.0, 
                        0.0
                    ], 
                    "scale": [
                        1.0, 
                        1.0, 
                        1.0
                    ]
                }
            ]
        }, 
        {
            "componentTypes": [
                "toilet_tank"
            ], 
            "out": [
                {
                    "position": [
                        -0.028308627100323006, 
                        1.9780667740004354, 
                        -3.6761359850950868
                    ], 
                    "rotation": [
                        0.0, 
                        0.0, 
                        0.0
                    ], 
                    "scale": [
                        1.0, 
                        1.0, 
                        1.0
                    ]
                }
            ]
        }
    ], 
    "id": 108, 
    "src": "toilet_bowl_2.obj", 
    "type": "toilet_bowl"
}